{"_step":14,"_wandb":{"runtime":474},"val_acc":0.9708,"epoch":15,"_runtime":474,"train_loss":0.04183185938805003,"val_loss":0.13271318867206575,"train_acc":0.9869272727272728,"_timestamp":1.7657971529129717e+09}