{"val_loss":0.4754151053130627,"train_loss":0.408255336549547,"val_acc":0.8448,"_runtime":1048,"_step":17,"train_acc":0.8583555555555555,"_timestamp":1.765800356277706e+09,"_wandb":{"runtime":1048},"epoch":18}